{
  "meta": {
    "dataset": "lerobot/aloha_sim_transfer_cube_scripted",
    "n_episodes": 50,
    "n_steps_total": 20000,
    "action_dim": 14,
    "modalities": [
      "state"
    ],
    "control_mode": "position",
    "gripper_dims": [
      -1
    ],
    "note": "Scripted ALOHA sim, position control, 14-DOF, cube transfer task"
  },
  "episode_structure": {
    "length_steps": {
      "n": 50,
      "mean": 400.0,
      "std": 0.0,
      "min": 400.0,
      "max": 400.0,
      "p5": 400.0,
      "p10": 400.0,
      "p25": 400.0,
      "p50": 400.0,
      "p75": 400.0,
      "p90": 400.0,
      "p95": 400.0
    },
    "duration_seconds": {
      "n": 50,
      "mean": 7.98,
      "std": 0.0,
      "min": 7.98,
      "max": 7.98,
      "p5": 7.98,
      "p10": 7.98,
      "p25": 7.98,
      "p50": 7.98,
      "p75": 7.98,
      "p90": 7.98,
      "p95": 7.98
    }
  },
  "per_episode_distributions": {
    "temporal_stability/per_episode_jitter_cv": {
      "n": 50,
      "mean": 4e-06,
      "std": 0.0,
      "min": 4e-06,
      "max": 4e-06,
      "p5": 4e-06,
      "p10": 4e-06,
      "p25": 4e-06,
      "p50": 4e-06,
      "p75": 4e-06,
      "p90": 4e-06,
      "p95": 4e-06
    },
    "temporal_stability/per_episode_dropout_fraction": {
      "n": 50,
      "mean": 0.0,
      "std": 0.0,
      "min": 0.0,
      "max": 0.0,
      "p5": 0.0,
      "p10": 0.0,
      "p25": 0.0,
      "p50": 0.0,
      "p75": 0.0,
      "p90": 0.0,
      "p95": 0.0
    },
    "control_smoothness/per_episode_ldlj": {
      "n": 50,
      "mean": -17.232116,
      "std": 0.007603,
      "min": -17.243458,
      "max": -17.218941,
      "p5": -17.241477,
      "p10": -17.240993,
      "p25": -17.239163,
      "p50": -17.232984,
      "p75": -17.224486,
      "p90": -17.220749,
      "p95": -17.219987
    },
    "control_smoothness/per_episode_spike_rate": {
      "n": 50,
      "mean": 0.218741,
      "std": 0.011064,
      "min": 0.198992,
      "max": 0.244332,
      "p5": 0.201511,
      "p10": 0.203778,
      "p25": 0.211587,
      "p50": 0.217884,
      "p75": 0.2267,
      "p90": 0.231738,
      "p95": 0.239295
    },
    "control_smoothness/per_episode_vel_disc_rate": {
      "n": 50,
      "mean": 0.007538,
      "std": 0.0,
      "min": 0.007538,
      "max": 0.007538,
      "p5": 0.007538,
      "p10": 0.007538,
      "p25": 0.007538,
      "p50": 0.007538,
      "p75": 0.007538,
      "p90": 0.007538,
      "p95": 0.007538
    },
    "control_smoothness/per_episode_act_state_div": {
      "n": 50,
      "mean": 0.222495,
      "std": 0.001365,
      "min": 0.22078,
      "max": 0.227633,
      "p5": 0.220894,
      "p10": 0.220986,
      "p25": 0.221423,
      "p50": 0.222154,
      "p75": 0.223222,
      "p90": 0.224172,
      "p95": 0.224594
    },
    "coverage_entropy/per_episode_length": {
      "n": 50,
      "mean": 400.0,
      "std": 0.0,
      "min": 400.0,
      "max": 400.0,
      "p5": 400.0,
      "p10": 400.0,
      "p25": 400.0,
      "p50": 400.0,
      "p75": 400.0,
      "p90": 400.0,
      "p95": 400.0
    },
    "task_structure/per_episode_contact_fraction": {
      "n": 50,
      "mean": 0.9724,
      "std": 0.008031,
      "min": 0.9625,
      "max": 0.9825,
      "p5": 0.9625,
      "p10": 0.9625,
      "p25": 0.9625,
      "p50": 0.9725,
      "p75": 0.98,
      "p90": 0.9825,
      "p95": 0.9825
    },
    "task_structure/per_episode_grasp_count": {
      "n": 50,
      "mean": 1.0,
      "std": 0.0,
      "min": 1.0,
      "max": 1.0,
      "p5": 1.0,
      "p10": 1.0,
      "p25": 1.0,
      "p50": 1.0,
      "p75": 1.0,
      "p90": 1.0,
      "p95": 1.0
    }
  },
  "aggregate_metrics": {
    "temporal_stability": {
      "jitter.mean_cv": 4e-06,
      "jitter.ci_lower": 4e-06,
      "jitter.ci_upper": 4e-06,
      "jitter.n_episodes": 50.0,
      "dropout.mean_dropout_fraction": 0.0,
      "dropout.ci_lower": 0.0,
      "dropout.ci_upper": 0.0,
      "dropout.dropout_k": 3.0
    },
    "control_smoothness": {
      "ldlj.mean_ldlj": -17.232116,
      "ldlj.ci_lower": -17.234355,
      "ldlj.ci_upper": -17.229984,
      "ldlj.n_episodes": 50.0,
      "jerk_spikes.mean_spike_fraction": 0.218741,
      "jerk_spikes.ci_lower": 0.215617,
      "jerk_spikes.ci_upper": 0.221612,
      "jerk_spikes.spike_k": 5.0,
      "vel_discontinuities.mean_disc_fraction": 0.007538,
      "vel_discontinuities.ci_lower": 0.007538,
      "vel_discontinuities.ci_upper": 0.007538,
      "vel_discontinuities.threshold": 0.2,
      "action_state_divergence.mean_divergence": 0.222495,
      "action_state_divergence.ci_lower": 0.220823,
      "action_state_divergence.ci_upper": 0.22513,
      "action_state_divergence.n_episodes": 50.0,
      "action_state_divergence.n_skipped": 0.0
    },
    "coverage_entropy": {
      "action_entropy.entropy_bits_per_dim": 4.031854,
      "action_entropy.n_samples": 20000.0,
      "action_entropy.action_dim": 14.0,
      "pca_variance.top2_fraction": 0.806168,
      "state_entropy.entropy_bits_per_dim": 4.060754,
      "state_entropy.n_samples": 20000.0,
      "episode_lengths.mean_steps": 400.0,
      "episode_lengths.std_steps": 0.0,
      "episode_lengths.min_steps": 400.0,
      "episode_lengths.max_steps": 400.0,
      "episode_lengths.cv": 0.0,
      "episode_lengths.bimodal_hint": 0.0,
      "episode_lengths.n_episodes": 50.0
    },
    "task_structure": {
      "contact_density.mean_contact_fraction": 0.9724,
      "contact_density.ci_lower": 0.969924,
      "contact_density.ci_upper": 0.974726,
      "contact_density.gripper_used": 1.0,
      "grasp_events.mean_grasps_per_episode": 1.0,
      "grasp_events.ci_lower": 1.0,
      "grasp_events.ci_upper": 1.0,
      "grasp_events.episodes_with_zero_grasps": 0.0,
      "grasp_events.n_episodes": 50.0,
      "trajectory_diversity.estimated_modes": 2.0,
      "trajectory_diversity.separation_score": 0.506374,
      "trajectory_diversity.n_episodes": 50.0,
      "short_episodes.short_episode_fraction": 0.0,
      "short_episodes.lower_fence_steps": 400.0,
      "short_episodes.q1_steps": 400.0,
      "short_episodes.q3_steps": 400.0,
      "short_episodes.iqr_steps": 0.0,
      "short_episodes.n_outliers": 0.0
    }
  },
  "flags": [
    {
      "analyzer": "temporal_stability",
      "metric": "timestamp_jitter_cv",
      "level": "OK",
      "observed": 3.781032236338855e-06,
      "ci_lower": 3.781032236338855e-06,
      "ci_upper": 3.781032236338855e-06,
      "interpretation": "Step-to-step timing is consistent."
    },
    {
      "analyzer": "temporal_stability",
      "metric": "timestamp_dropout_rate",
      "level": "OK",
      "observed": 0.0,
      "ci_lower": 0.0,
      "ci_upper": 0.0,
      "interpretation": "Timestamp dropout rate is within acceptable range."
    },
    {
      "analyzer": "control_smoothness",
      "metric": "ldlj",
      "level": "CRITICAL",
      "observed": -17.232116193083485,
      "ci_lower": -17.234355304685256,
      "ci_upper": -17.22998375081032,
      "interpretation": "Mean LDLJ = -17.23 across 50 episodes (threshold: >-10). Action trajectories contain significant jerk."
    },
    {
      "analyzer": "control_smoothness",
      "metric": "jerk_spike_rate",
      "level": "CRITICAL",
      "observed": 0.21874055415617125,
      "ci_lower": 0.2156171284634761,
      "ci_upper": 0.22161209068010074,
      "interpretation": "21.9% of steps have jerk > 5.0\u00d7 median jerk \u2014 anomalous discontinuities in action sequence."
    },
    {
      "analyzer": "control_smoothness",
      "metric": "velocity_discontinuity_rate",
      "level": "OK",
      "observed": 0.007537688442211053,
      "ci_lower": 0.007537688442211053,
      "ci_upper": 0.007537688442211053,
      "interpretation": "Velocity profile is continuous \u2014 no sudden reversals."
    },
    {
      "analyzer": "control_smoothness",
      "metric": "action_state_divergence",
      "level": "CRITICAL",
      "observed": 0.2224949476122856,