{
  "meta": {
    "dataset": "lerobot/aloha_mobile_cabinet",
    "n_episodes": 85,
    "n_steps_total": 127500,
    "action_dim": 14,
    "modalities": [
      "effort",
      "state"
    ],
    "control_mode": "position",
    "gripper_dims": [
      6,
      13
    ],
    "note": "Profiled by scripts/profile_dataset.py. control_mode=position."
  },
  "episode_structure": {
    "length_steps": {
      "n": 85,
      "mean": 1500.0,
      "std": 0.0,
      "min": 1500.0,
      "max": 1500.0,
      "p5": 1500.0,
      "p10": 1500.0,
      "p25": 1500.0,
      "p50": 1500.0,
      "p75": 1500.0,
      "p90": 1500.0,
      "p95": 1500.0
    },
    "duration_seconds": {
      "n": 85,
      "mean": 29.98,
      "std": 0.0,
      "min": 29.98,
      "max": 29.98,
      "p5": 29.98,
      "p10": 29.98,
      "p25": 29.98,
      "p50": 29.98,
      "p75": 29.98,
      "p90": 29.98,
      "p95": 29.98
    }
  },
  "per_episode_distributions": {
    "temporal_stability/per_episode_jitter_cv": {
      "n": 85,
      "mean": 3e-05,
      "std": 0.0,
      "min": 3e-05,
      "max": 3e-05,
      "p5": 3e-05,
      "p10": 3e-05,
      "p25": 3e-05,
      "p50": 3e-05,
      "p75": 3e-05,
      "p90": 3e-05,
      "p95": 3e-05
    },
    "temporal_stability/per_episode_dropout_fraction": {
      "n": 85,
      "mean": 0.0,
      "std": 0.0,
      "min": 0.0,
      "max": 0.0,
      "p5": 0.0,
      "p10": 0.0,
      "p25": 0.0,
      "p50": 0.0,
      "p75": 0.0,
      "p90": 0.0,
      "p95": 0.0
    },
    "temporal_stability/per_episode_drift_lag_frames": {
      "n": 0,
      "note": "no valid values"
    },
    "control_smoothness/per_episode_ldlj": {
      "n": 85,
      "mean": -24.70225,
      "std": 0.244257,
      "min": -25.41044,
      "max": -23.964229,
      "p5": -25.048174,
      "p10": -24.981636,
      "p25": -24.894199,
      "p50": -24.714395,
      "p75": -24.547519,
      "p90": -24.400582,
      "p95": -24.334715
    },
    "control_smoothness/per_episode_spike_rate": {
      "n": 85,
      "mean": 0.004212,
      "std": 0.002252,
      "min": 0.000668,
      "max": 0.011356,
      "p5": 0.001336,
      "p10": 0.001336,
      "p25": 0.002004,
      "p50": 0.004008,
      "p75": 0.005344,
      "p90": 0.007081,
      "p95": 0.00855
    },
    "control_smoothness/per_episode_vel_disc_rate": {
      "n": 85,
      "mean": 0.008364,
      "std": 0.00336,
      "min": 0.001335,
      "max": 0.016689,
      "p5": 0.004005,
      "p10": 0.004005,
      "p25": 0.00534,
      "p50": 0.008011,
      "p75": 0.010013,
      "p90": 0.012684,
      "p95": 0.014019
    },
    "control_smoothness/per_episode_act_state_div": {
      "n": 85,
      "mean": 0.130053,
      "std": 0.010518,
      "min": 0.110522,
      "max": 0.157934,
      "p5": 0.113805,
      "p10": 0.115003,
      "p25": 0.122478,
      "p50": 0.12947,
      "p75": 0.137711,
      "p90": 0.142578,
      "p95": 0.146895
    },
    "coverage_entropy/per_episode_length": {
      "n": 85,
      "mean": 1500.0,
      "std": 0.0,
      "min": 1500.0,
      "max": 1500.0,
      "p5": 1500.0,
      "p10": 1500.0,
      "p25": 1500.0,
      "p50": 1500.0,
      "p75": 1500.0,
      "p90": 1500.0,
      "p95": 1500.0
    },
    "task_structure/per_episode_contact_fraction": {
      "n": 85,
      "mean": 0.787851,
      "std": 0.025745,
      "min": 0.722667,
      "max": 0.842667,
      "p5": 0.742267,
      "p10": 0.7576,
      "p25": 0.768667,
      "p50": 0.790667,
      "p75": 0.806667,
      "p90": 0.8208,
      "p95": 0.8288
    },
    "task_structure/per_episode_grasp_count": {
      "n": 85,
      "mean": 4.023529,
      "std": 0.151578,
      "min": 4.0,
      "max": 5.0,
      "p5": 4.0,
      "p10": 4.0,
      "p25": 4.0,
      "p50": 4.0,
      "p75": 4.0,
      "p90": 4.0,
      "p95": 4.0
    }
  },
  "aggregate_metrics": {
    "temporal_stability": {
      "jitter.mean_cv": 3e-05,
      "jitter.ci_lower": 3e-05,
      "jitter.ci_upper": 3e-05,
      "jitter.n_episodes": 85.0,
      "dropout.mean_dropout_fraction": 0.0,
      "dropout.ci_lower": 0.0,
      "dropout.ci_upper": 0.0,
      "dropout.dropout_k": 3.0
    },
    "control_smoothness": {
      "ldlj.mean_ldlj": -24.70225,
      "ldlj.ci_lower": -24.752617,
      "ldlj.ci_upper": -24.650435,
      "ldlj.n_episodes": 85.0,
      "jerk_spikes.mean_spike_fraction": 0.004212,
      "jerk_spikes.ci_lower": 0.003741,
      "jerk_spikes.ci_upper": 0.004723,
      "jerk_spikes.spike_k": 5.0,
      "vel_discontinuities.mean_disc_fraction": 0.008364,
      "vel_discontinuities.ci_lower": 0.007681,
      "vel_discontinuities.ci_upper": 0.009094,
      "vel_discontinuities.threshold": 0.2,
      "action_state_divergence.mean_divergence": 0.130053,
      "action_state_divergence.ci_lower": 0.112833,
      "action_state_divergence.ci_upper": 0.151055,
      "action_state_divergence.n_episodes": 85.0,
      "action_state_divergence.n_skipped": 0.0
    },
    "coverage_entropy": {
      "action_entropy.entropy_bits_per_dim": 4.672671,
      "action_entropy.n_samples": 127500.0,
      "action_entropy.action_dim": 14.0,
      "pca_variance.top2_fraction": 0.733126,
      "state_entropy.entropy_bits_per_dim": 4.740396,
      "state_entropy.n_samples": 127500.0,
      "episode_lengths.mean_steps": 1500.0,
      "episode_lengths.std_steps": 0.0,
      "episode_lengths.min_steps": 1500.0,
      "episode_lengths.max_steps": 1500.0,
      "episode_lengths.cv": 0.0,
      "episode_lengths.bimodal_hint": 0.0,
      "episode_lengths.n_episodes": 85.0
    },
    "task_structure": {
      "contact_density.mean_contact_fraction": 0.787851,
      "contact_density.ci_lower": 0.782917,
      "contact_density.ci_upper": 0.79325,
      "contact_density.gripper_used": 1.0,
      "grasp_events.mean_grasps_per_episode": 4.023529,
      "grasp_events.ci_lower": 4.0,
      "grasp_events.ci_upper": 4.058824,
      "grasp_events.episodes_with_zero_grasps": 0.0,
      "grasp_events.n_episodes": 85.0,
      "trajectory_diversity.estimated_modes": 2.0,
      "trajectory_diversity.separation_score": 0.598951,
      "trajectory_diversity.n_episodes": 85.0,
      "short_episodes.short_episode_fraction": 0.0,
      "short_episodes.lower_fence_steps": 1500.0,
      "short_episodes.q1_steps": 1500.0,
      "short_episodes.q3_steps": 1500.0,
      "short_episodes.iqr_steps": 0.0,
      "short_episodes.n_outliers": 0.0
    }
  },
  "flags": [
    {
      "analyzer": "temporal_stability",
      "metric": "timestamp_jitter_cv",
      "level": "OK",
      "observed": 3.0488940179354637e-05,
      "ci_lower": 3.0488940179354637e-05,
      "ci_upper": 3.0488940179354637e-05,
      "interpretation": "Step-to-step timing is consistent."
    },
    {
      "analyzer": "temporal_stability",
      "metric": "timestamp_dropout_rate",
      "level": "OK",
      "observed": 0.0,
      "ci_lower": 0.0,
      "ci_upper": 0.0,
      "interpretation": "Timestamp dropout rate is within acceptable range."
    },
    {
      "analyzer": "control_smoothness",
      "metric": "ldlj",
      "level": "CRITICAL",
      "observed": -24.70225008087777,
      "ci_lower": -24.752616812891763,
      "ci_upper": -24.65043509088543,
      "interpretation": "Mean LDLJ = -24.70 across 85 episodes (threshold: >-10). Action trajectories contain significant jerk."
    },
    {
      "analyzer": "control_smoothness",
      "metric": "jerk_spike_rate",
      "level": "OK",
      "observed": 0.004212346261149751,
      "ci_lower": 0.0037408149632598537,
      "ci_upper": 0.004723171833863806,
      "interpretation": "Jerk spike rate is within acceptable range."
    },
    {
      "analyzer": "control_smoothness",
      "metric": "velocity_discontinuity_rate",
      "level": "OK",
      "observed": 0.008364093300871749,
      "ci_lower": 0.007680829341082225,
      "ci_upper": 0.009094478913060552,