{
  "meta": {
    "dataset": "lerobot/aloha_mobile_cabinet",
    "n_episodes": 85,
    "n_steps_total": 127500,
    "action_dim": 14,
    "control_mode": "position",
    "hardware": true,
    "frequency_hz": 50,
    "modalities": [
      "effort",
      "state"
    ],
    "note": "Real hardware dataset (mobile ALOHA bimanual robot, 50Hz position control, 14-DOF). Aggregate metrics look clean but episode-level analysis flags 8 of 85 episodes — the documented real catch that aggregate-only tools miss."
  },
  "episode_structure": {
    "length_steps": {
      "n": 85,
      "mean": 1500.0,
      "std": 0.0,
      "min": 1500.0,
      "max": 1500.0,
      "p5": 1500.0,
      "p10": 1500.0,
      "p25": 1500.0,
      "p50": 1500.0,
      "p75": 1500.0,
      "p90": 1500.0,
      "p95": 1500.0
    },
    "duration_seconds": {
      "n": 85,
      "mean": 29.98,
      "std": 0.0,
      "min": 29.98,
      "max": 29.98,
      "p5": 29.98,
      "p10": 29.98,
      "p25": 29.98,
      "p50": 29.98,
      "p75": 29.98,
      "p90": 29.98,
      "p95": 29.98
    }
  },
  "per_episode_distributions": {
    "temporal_stability/per_episode_jitter_cv": {
      "n": 85,
      "mean": 3e-05,
      "std": 0.0,
      "min": 3e-05,
      "max": 3e-05,
      "p5": 3e-05,
      "p10": 3e-05,
      "p25": 3e-05,
      "p50": 3e-05,
      "p75": 3e-05,
      "p90": 3e-05,
      "p95": 3e-05
    },
    "temporal_stability/per_episode_dropout_fraction": {
      "n": 85,
      "mean": 0.0,
      "std": 0.0,
      "min": 0.0,
      "max": 0.0,
      "p5": 0.0,
      "p10": 0.0,
      "p25": 0.0,
      "p50": 0.0,
      "p75": 0.0,
      "p90": 0.0,
      "p95": 0.0
    },
    "control_smoothness/per_episode_ldlj": {
      "n": 85,
      "mean": -24.075402,
      "std": 0.173195,
      "min": -24.411921,
      "max": -23.638744,
      "p5": -24.323112,
      "p10": -24.287751,
      "p25": -24.202115,
      "p50": -24.089028,
      "p75": -23.955715,
      "p90": -23.820927,
      "p95": -23.787479
    },
    "control_smoothness/per_episode_spike_rate": {
      "n": 85,
      "mean": 0.009996,
      "std": 0.003054,
      "min": 0.00334,
      "max": 0.0167,
      "p5": 0.005344,
      "p10": 0.006012,
      "p25": 0.008016,
      "p50": 0.01002,
      "p75": 0.012024,
      "p90": 0.014429,
      "p95": 0.015364
    },
    "control_smoothness/per_episode_vel_disc_rate": {
      "n": 85,
      "mean": 0.012825,
      "std": 0.003436,
      "min": 0.006008,
      "max": 0.024032,
      "p5": 0.007343,
      "p10": 0.008678,
      "p25": 0.010681,
      "p50": 0.012684,
      "p75": 0.014686,
      "p90": 0.017356,
      "p95": 0.018024
    },
    "coverage_entropy/per_episode_length": {
      "n": 85,
      "mean": 1500.0,
      "std": 0.0,
      "min": 1500.0,
      "max": 1500.0,
      "p5": 1500.0,
      "p10": 1500.0,
      "p25": 1500.0,
      "p50": 1500.0,
      "p75": 1500.0,
      "p90": 1500.0,
      "p95": 1500.0
    },
    "task_structure/per_episode_contact_fraction": {
      "n": 85,
      "mean": 0.787851,
      "std": 0.025745,
      "min": 0.722667,
      "max": 0.842667,
      "p5": 0.742267,
      "p10": 0.7576,
      "p25": 0.768667,
      "p50": 0.790667,
      "p75": 0.806667,
      "p90": 0.8208,
      "p95": 0.8288
    },
    "task_structure/per_episode_grasp_count": {
      "n": 85,
      "mean": 4.023529,
      "std": 0.151578,
      "min": 4.0,
      "max": 5.0,
      "p5": 4.0,
      "p10": 4.0,
      "p25": 4.0,
      "p50": 4.0,
      "p75": 4.0,
      "p90": 4.0,
      "p95": 4.0
    }
  },
  "aggregate_metrics": {
    "temporal_stability": {
      "jitter.mean_cv": 3e-05,
      "jitter.ci_lower": 3e-05,
      "jitter.ci_upper": 3e-05,
      "jitter.n_episodes": 85.0,
      "dropout.mean_dropout_fraction": 0.0,
      "dropout.ci_lower": 0.0,
      "dropout.ci_upper": 0.0,
      "dropout.dropout_k": 3.0
    },
    "control_smoothness": {
      "ldlj.mean_ldlj": -24.075402,
      "ldlj.ci_lower": -24.108474,
      "ldlj.ci_upper": -24.036103,
      "ldlj.n_episodes": 85.0,
      "jerk_spikes.mean_spike_fraction": 0.009996,
      "jerk_spikes.ci_lower": 0.009344,
      "jerk_spikes.ci_upper": 0.01068,
      "jerk_spikes.spike_k": 5.0,
      "vel_discontinuities.mean_disc_fraction": 0.012825,
      "vel_discontinuities.ci_lower": 0.012094,
      "vel_discontinuities.ci_upper": 0.013571,
      "vel_discontinuities.threshold": 0.2
    },
    "coverage_entropy": {
      "action_entropy.entropy_bits_per_dim": 4.672671,
      "action_entropy.n_samples": 127500.0,
      "action_entropy.action_dim": 14.0,
      "pca_variance.top2_fraction": 0.733126,
      "state_entropy.entropy_bits_per_dim": 4.740396,
      "state_entropy.n_samples": 127500.0,
      "episode_lengths.mean_steps": 1500.0,
      "episode_lengths.std_steps": 0.0,
      "episode_lengths.min_steps": 1500.0,
      "episode_lengths.max_steps": 1500.0,
      "episode_lengths.cv": 0.0,
      "episode_lengths.bimodal_hint": 0.0,
      "episode_lengths.n_episodes": 85.0
    },
    "task_structure": {
      "contact_density.mean_contact_fraction": 0.787851,
      "contact_density.ci_lower": 0.782917,
      "contact_density.ci_upper": 0.79325,
      "contact_density.gripper_used": 1.0,
      "grasp_events.mean_grasps_per_episode": 4.023529,
      "grasp_events.ci_lower": 4.0,
      "grasp_events.ci_upper": 4.058824,
      "grasp_events.episodes_with_zero_grasps": 0.0,
      "grasp_events.n_episodes": 85.0,
      "trajectory_diversity.estimated_modes": 2.0,
      "trajectory_diversity.separation_score": 0.598951,
      "trajectory_diversity.n_episodes": 85.0,
      "short_episodes.short_episode_fraction": 0.0,
      "short_episodes.lower_fence_steps": 1500.0,
      "short_episodes.q1_steps": 1500.0,
      "short_episodes.q3_steps": 1500.0,
      "short_episodes.iqr_steps": 0.0,
      "short_episodes.n_outliers": 0.0
    }
  },
  "flags": [
    {
      "analyzer": "temporal_stability",
      "metric": "timestamp_jitter_cv",
      "level": "OK",
      "observed": 3.0488940179354637e-05,
      "ci_lower": 3.0488940179354637e-05,
      "ci_upper": 3.0488940179354637e-05,
      "interpretation": "Step-to-step timing is consistent."
    },
    {
      "analyzer": "temporal_stability",
      "metric": "timestamp_dropout_rate",
      "level": "OK",
      "observed": 0.0,
      "ci_lower": 0.0,
      "ci_upper": 0.0,
      "interpretation": "Timestamp dropout rate is within acceptable range."
    },
    {
      "analyzer": "control_smoothness",
      "metric": "ldlj",
      "level": "CRITICAL",
      "observed": -24.075401620937527,
      "ci_lower": -24.10847379907351,
      "ci_upper": -24.036102981511096,
      "interpretation": "Mean LDLJ = -24.08 across 85 episodes (threshold: >-10). Action trajectories contain significant jerk."
    },
    {
      "analyzer": "control_smoothness",
      "metric": "jerk_spike_rate",
      "level": "OK",
      "observed": 0.009996463515265827,
      "ci_lower": 0.00934398208181068,
      "ci_upper": 0.010680183897206177,
      "interpretation": "Jerk spike rate is within acceptable range."
    },
    {
      "analyzer": "control_smoothness",
      "metric": "velocity_discontinuity_rate",
      "level": "OK",
      "observed": 0.01282494306133668,
      "ci_lower": 0.012094361108929553,
      "ci_upper": 0.013571428571428566,
      "interpretation": "Velocity profile is continuous \u2014 no sudden reversals."
    },
    {
      "analyzer": "coverage_entropy",
      "metric": "action_entropy_bits_per_dim",
      "level": "OK",
      "observed": 4.672670614872425,
      "ci_lower": null,
      "ci_upper": null,
      "interpretation": "Action-space coverage is healthy (4.67 bits/dim)."
    },
    {
      "analyzer": "coverage_entropy",
      "metric": "pca_top2_variance_fraction",
      "level": "OK",
      "observed": 0.7331261690537262,
      "ci_lower": null,
      "ci_upper": null,